Sample_Name	Library_ID	Lane	Colour_Chemistry	SeqType	Organism	Strandedness	UDG_Treatment	R1	R2	BAM
0.ANT1a_42013	0.ANT1a_42013	1	4	PE	NA	double	none	/ptmp/iclight/pestis_data_fetchngs/fastq/SRX028674_SRR069110_1.fastq.gz	/ptmp/iclight/pestis_data_fetchngs/fastq/SRX028674_SRR069110_2.fastq.gz	NA
0.ANT1b_CMCC49003	0.ANT1b_CMCC49003	2	4	PE	NA	double	none	/ptmp/iclight/pestis_data_fetchngs/fastq/SRX028731_SRR069167_1.fastq.gz	/ptmp/iclight/pestis_data_fetchngs/fastq/SRX028731_SRR069167_2.fastq.gz	NA
0.ANT1c_945	0.ANT1c_945	3	4	PE	NA	double	none	/ptmp/iclight/pestis_data_fetchngs/fastq/SRX028696_SRR069132_1.fastq.gz	/ptmp/iclight/pestis_data_fetchngs/fastq/SRX028696_SRR069132_2.fastq.gz	NA
0.ANT1d_164	0.ANT1d_164	4	4	PE	NA	double	none	/ptmp/iclight/pestis_data_fetchngs/fastq/SRX028660_SRR069096_1.fastq.gz	/ptmp/iclight/pestis_data_fetchngs/fastq/SRX028660_SRR069096_2.fastq.gz	NA
0.ANT1e_CMCC8211	0.ANT1e_CMCC8211	5	4	PE	NA	double	none	/ptmp/iclight/pestis_data_fetchngs/fastq/SRX028740_SRR069176_1.fastq.gz	/ptmp/iclight/pestis_data_fetchngs/fastq/SRX028740_SRR069176_2.fastq.gz	NA
0.ANT1f_42095	0.ANT1f_42095	6	4	PE	NA	double	none	/ptmp/iclight/pestis_data_fetchngs/fastq/SRX028678_SRR069114_1.fastq.gz	/ptmp/iclight/pestis_data_fetchngs/fastq/SRX028678_SRR069114_2.fastq.gz	NA
0.ANT1g_CMCC42007	0.ANT1g_CMCC42007	7	4	PE	NA	double	none	/ptmp/iclight/pestis_data_fetchngs/fastq/SRX028727_SRR069163_1.fastq.gz	/ptmp/iclight/pestis_data_fetchngs/fastq/SRX028727_SRR069163_2.fastq.gz	NA
0.ANT1h_CMCC43032	0.ANT1h_CMCC43032	8	4	PE	NA	double	none	/ptmp/iclight/pestis_data_fetchngs/fastq/SRX028728_SRR069164_1.fastq.gz	/ptmp/iclight/pestis_data_fetchngs/fastq/SRX028728_SRR069164_2.fastq.gz	NA
0.ANT2a_2330	0.ANT2a_2330	9	4	PE	NA	double	none	/ptmp/iclight/pestis_data_fetchngs/fastq/SRX028662_SRR069098_1.fastq.gz	/ptmp/iclight/pestis_data_fetchngs/fastq/SRX028662_SRR069098_2.fastq.gz	NA
0.ANT3a_CMCC38001	0.ANT3a_CMCC38001	10	4	PE	NA	double	none	/ptmp/iclight/pestis_data_fetchngs/fastq/SRX028725_SRR069161_1.fastq.gz	/ptmp/iclight/pestis_data_fetchngs/fastq/SRX028725_SRR069161_2.fastq.gz	NA
0.ANT3b_A1956001	0.ANT3b_A1956001	11	4	PE	NA	double	none	/ptmp/iclight/pestis_data_fetchngs/fastq/SRX028726_SRR069162_1.fastq.gz	/ptmp/iclight/pestis_data_fetchngs/fastq/SRX028726_SRR069162_2.fastq.gz	NA
0.ANT3c_42082	0.ANT3c_42082	12	4	PE	NA	double	none	/ptmp/iclight/pestis_data_fetchngs/fastq/SRX028675_SRR069111_1.fastq.gz	/ptmp/iclight/pestis_data_fetchngs/fastq/SRX028675_SRR069111_2.fastq.gz	NA
0.ANT3d_CMCC21106	0.ANT3d_CMCC21106	13	4	PE	NA	double	none	/ptmp/iclight/pestis_data_fetchngs/fastq/SRX028720_SRR069156_1.fastq.gz	/ptmp/iclight/pestis_data_fetchngs/fastq/SRX028720_SRR069156_2.fastq.gz	NA
0.ANT3e_42091b	0.ANT3e_42091b	14	4	PE	NA	double	none	/ptmp/iclight/pestis_data_fetchngs/fastq/SRX028677_SRR069113_1.fastq.gz	/ptmp/iclight/pestis_data_fetchngs/fastq/SRX028677_SRR069113_2.fastq.gz	NA
0.PE2b_G8786	0.PE2b_G8786	15	4	PE	NA	double	none	/ptmp/iclight/pestis_data_fetchngs/fastq/SRX028762_SRR069198_1.fastq.gz	/ptmp/iclight/pestis_data_fetchngs/fastq/SRX028762_SRR069198_2.fastq.gz	NA
0.PE4_M0000002	0.PE4_M0000002	16	4	PE	NA	double	none	/ptmp/iclight/pestis_data_fetchngs/fastq/SRX028760_SRR069196_1.fastq.gz	/ptmp/iclight/pestis_data_fetchngs/fastq/SRX028760_SRR069196_2.fastq.gz	NA
0.PE4Aa_12	0.PE4Aa_12	17	4	PE	NA	double	none	/ptmp/iclight/pestis_data_fetchngs/fastq/SRX028658_SRR069094_1.fastq.gz	/ptmp/iclight/pestis_data_fetchngs/fastq/SRX028658_SRR069094_2.fastq.gz	NA
0.PE4Ab_9	0.PE4Ab_9	18	4	PE	NA	double	none	/ptmp/iclight/pestis_data_fetchngs/fastq/SRX028693_SRR069129_1.fastq.gz	/ptmp/iclight/pestis_data_fetchngs/fastq/SRX028693_SRR069129_2.fastq.gz	NA
0.PE4Ca_CMCCN010025	0.PE4Ca_CMCCN010025	19	4	PE	NA	double	none	/ptmp/iclight/pestis_data_fetchngs/fastq/SRX028759_SRR069195_1.fastq.gz	/ptmp/iclight/pestis_data_fetchngs/fastq/SRX028759_SRR069195_2.fastq.gz	NA
0.PE4Cc_CMCC18019	0.PE4Cc_CMCC18019	20	4	PE	NA	double	none	/ptmp/iclight/pestis_data_fetchngs/fastq/SRX028719_SRR069155_1.fastq.gz	/ptmp/iclight/pestis_data_fetchngs/fastq/SRX028719_SRR069155_2.fastq.gz	NA
0.PE4Cd_CMCC93014	0.PE4Cd_CMCC93014	21	4	PE	NA	double	none	/ptmp/iclight/pestis_data_fetchngs/fastq/SRX028751_SRR069187_1.fastq.gz	/ptmp/iclight/pestis_data_fetchngs/fastq/SRX028751_SRR069187_2.fastq.gz	NA
0.PE4Ce_CMCC91090	0.PE4Ce_CMCC91090	22	4	PE	NA	double	none	/ptmp/iclight/pestis_data_fetchngs/fastq/SRX028748_SRR069184_1.fastq.gz	/ptmp/iclight/pestis_data_fetchngs/fastq/SRX028748_SRR069184_2.fastq.gz	NA
0.PE7b_620024	0.PE7b_620024	23	4	PE	NA	double	none	/ptmp/iclight/pestis_data_fetchngs/fastq/SRX028681_SRR069117_1.fastq.gz	/ptmp/iclight/pestis_data_fetchngs/fastq/SRX028681_SRR069117_2.fastq.gz	NA
1.IN1a_CMCC11001	1.IN1a_CMCC11001	24	4	PE	NA	double	none	/ptmp/iclight/pestis_data_fetchngs/fastq/SRX028706_SRR069142_1.fastq.gz	/ptmp/iclight/pestis_data_fetchngs/fastq/SRX028706_SRR069142_2.fastq.gz	NA
1.IN1b_780441	1.IN1b_780441	25	4	PE	NA	double	none	/ptmp/iclight/pestis_data_fetchngs/fastq/SRX028690_SRR069126_1.fastq.gz	/ptmp/iclight/pestis_data_fetchngs/fastq/SRX028690_SRR069126_2.fastq.gz	NA
1.IN1c_K21985002	1.IN1c_K21985002	26	4	PE	NA	double	none	/ptmp/iclight/pestis_data_fetchngs/fastq/SRX028729_SRR069165_1.fastq.gz	/ptmp/iclight/pestis_data_fetchngs/fastq/SRX028729_SRR069165_2.fastq.gz	NA
1.IN2a_CMCC640047	1.IN2a_CMCC640047	27	4	PE	NA	double	none	/ptmp/iclight/pestis_data_fetchngs/fastq/SRX028735_SRR069171_1.fastq.gz	/ptmp/iclight/pestis_data_fetchngs/fastq/SRX028735_SRR069171_2.fastq.gz	NA
1.IN2b_30017	1.IN2b_30017	28	4	PE	NA	double	none	/ptmp/iclight/pestis_data_fetchngs/fastq/SRX028666_SRR069102_1.fastq.gz	/ptmp/iclight/pestis_data_fetchngs/fastq/SRX028666_SRR069102_2.fastq.gz	NA
1.IN2c_CMCC31004	1.IN2c_CMCC31004	29	4	PE	NA	double	none	/ptmp/iclight/pestis_data_fetchngs/fastq/SRX028722_SRR069158_1.fastq.gz	/ptmp/iclight/pestis_data_fetchngs/fastq/SRX028722_SRR069158_2.fastq.gz	NA
1.IN2d_C1975003	1.IN2d_C1975003	30	4	PE	NA	double	none	/ptmp/iclight/pestis_data_fetchngs/fastq/SRX028717_SRR069153_1.fastq.gz	/ptmp/iclight/pestis_data_fetchngs/fastq/SRX028717_SRR069153_2.fastq.gz	NA
1.IN2e_C1989001	1.IN2e_C1989001	31	4	PE	NA	double	none	/ptmp/iclight/pestis_data_fetchngs/fastq/SRX028692_SRR069128_1.fastq.gz	/ptmp/iclight/pestis_data_fetchngs/fastq/SRX028692_SRR069128_2.fastq.gz	NA
1.IN2f_710317	1.IN2f_710317	32	4	PE	NA	double	none	/ptmp/iclight/pestis_data_fetchngs/fastq/SRX028685_SRR069121_1.fastq.gz	/ptmp/iclight/pestis_data_fetchngs/fastq/SRX028685_SRR069121_2.fastq.gz	NA
1.IN2g_CMCC05013	1.IN2g_CMCC05013	33	4	PE	NA	double	none	/ptmp/iclight/pestis_data_fetchngs/fastq/SRX028701_SRR069137_1.fastq.gz	/ptmp/iclight/pestis_data_fetchngs/fastq/SRX028701_SRR069137_2.fastq.gz	NA
1.IN2h_5	1.IN2h_5	34	4	PE	NA	double	none	/ptmp/iclight/pestis_data_fetchngs/fastq/SRX028680_SRR069116_1.fastq.gz	/ptmp/iclight/pestis_data_fetchngs/fastq/SRX028680_SRR069116_2.fastq.gz	NA
1.IN2i_CMCC10012	1.IN2i_CMCC10012	35	4	PE	NA	double	none	/ptmp/iclight/pestis_data_fetchngs/fastq/SRX028702_SRR069138_1.fastq.gz	/ptmp/iclight/pestis_data_fetchngs/fastq/SRX028702_SRR069138_2.fastq.gz	NA
1.IN2j_CMCC27002	1.IN2j_CMCC27002	36	4	PE	NA	double	none	/ptmp/iclight/pestis_data_fetchngs/fastq/SRX028721_SRR069157_1.fastq.gz	/ptmp/iclight/pestis_data_fetchngs/fastq/SRX028721_SRR069157_2.fastq.gz	NA
1.IN2k_970754	1.IN2k_970754	37	4	PE	NA	double	none	/ptmp/iclight/pestis_data_fetchngs/fastq/SRX028697_SRR069133_1.fastq.gz	/ptmp/iclight/pestis_data_fetchngs/fastq/SRX028697_SRR069133_2.fastq.gz	NA
1.IN2l_D1991004	1.IN2l_D1991004	38	4	PE	NA	double	none	/ptmp/iclight/pestis_data_fetchngs/fastq/SRX028695_SRR069131_1.fastq.gz	/ptmp/iclight/pestis_data_fetchngs/fastq/SRX028695_SRR069131_2.fastq.gz	NA
1.IN2m_D1964002b	1.IN2m_D1964002b	39	4	PE	NA	double	none	/ptmp/iclight/pestis_data_fetchngs/fastq/SRX028712_SRR069148_1.fastq.gz	/ptmp/iclight/pestis_data_fetchngs/fastq/SRX028712_SRR069148_2.fastq.gz	NA
1.IN2n_CMCC02041	1.IN2n_CMCC02041	40	4	PE	NA	double	none	/ptmp/iclight/pestis_data_fetchngs/fastq/SRX028698_SRR069134_1.fastq.gz	/ptmp/iclight/pestis_data_fetchngs/fastq/SRX028698_SRR069134_2.fastq.gz	NA
1.IN2o_CMCC03001	1.IN2o_CMCC03001	41	4	PE	NA	double	none	/ptmp/iclight/pestis_data_fetchngs/fastq/SRX028699_SRR069135_1.fastq.gz	/ptmp/iclight/pestis_data_fetchngs/fastq/SRX028699_SRR069135_2.fastq.gz	NA
1.IN2p_D1982001	1.IN2p_D1982001	42	4	PE	NA	double	none	/ptmp/iclight/pestis_data_fetchngs/fastq/SRX028687_SRR069123_1.fastq.gz	/ptmp/iclight/pestis_data_fetchngs/fastq/SRX028687_SRR069123_2.fastq.gz	NA
1.IN2q_D1964001	1.IN2q_D1964001	43	4	PE	NA	double	none	/ptmp/iclight/pestis_data_fetchngs/fastq/SRX028682_SRR069118_1.fastq.gz	/ptmp/iclight/pestis_data_fetchngs/fastq/SRX028682_SRR069118_2.fastq.gz	NA
1.IN3a_F1954001	1.IN3a_F1954001	44	4	PE	NA	double	none	/ptmp/iclight/pestis_data_fetchngs/fastq/SRX028691_SRR069127_1.fastq.gz	/ptmp/iclight/pestis_data_fetchngs/fastq/SRX028691_SRR069127_2.fastq.gz	NA
1.IN3b_E1979001	1.IN3b_E1979001	45	4	PE	NA	double	none	/ptmp/iclight/pestis_data_fetchngs/fastq/SRX028780_SRR069216_1.fastq.gz	/ptmp/iclight/pestis_data_fetchngs/fastq/SRX028780_SRR069216_2.fastq.gz	NA
1.IN3c_CMCC84038b	1.IN3c_CMCC84038b	46	4	PE	NA	double	none	/ptmp/iclight/pestis_data_fetchngs/fastq/SRX028744_SRR069180_1.fastq.gz	/ptmp/iclight/pestis_data_fetchngs/fastq/SRX028744_SRR069180_2.fastq.gz	NA
1.IN3d_YN1683	1.IN3d_YN1683	47	4	PE	NA	double	none	/ptmp/iclight/pestis_data_fetchngs/fastq/SRX028773_SRR069209_1.fastq.gz	/ptmp/iclight/pestis_data_fetchngs/fastq/SRX028773_SRR069209_2.fastq.gz	NA
1.IN3e_YN472	1.IN3e_YN472	48	4	PE	NA	double	none	/ptmp/iclight/pestis_data_fetchngs/fastq/SRX028778_SRR069214_1.fastq.gz	/ptmp/iclight/pestis_data_fetchngs/fastq/SRX028778_SRR069214_2.fastq.gz	NA
1.IN3f_YN1065	1.IN3f_YN1065	49	4	PE	NA	double	none	/ptmp/iclight/pestis_data_fetchngs/fastq/SRX028772_SRR069208_1.fastq.gz	/ptmp/iclight/pestis_data_fetchngs/fastq/SRX028772_SRR069208_2.fastq.gz	NA
1.IN3g_E1977001	1.IN3g_E1977001	50	4	PE	NA	double	none	/ptmp/iclight/pestis_data_fetchngs/fastq/SRX028741_SRR069177_1.fastq.gz	/ptmp/iclight/pestis_data_fetchngs/fastq/SRX028741_SRR069177_2.fastq.gz	NA
1.IN3h_CMCC84033	1.IN3h_CMCC84033	51	4	PE	NA	double	none	/ptmp/iclight/pestis_data_fetchngs/fastq/SRX028742_SRR069178_1.fastq.gz	/ptmp/iclight/pestis_data_fetchngs/fastq/SRX028742_SRR069178_2.fastq.gz	NA
1.IN3i_CMCC84046	1.IN3i_CMCC84046	52	4	PE	NA	double	none	/ptmp/iclight/pestis_data_fetchngs/fastq/SRX028745_SRR069181_1.fastq.gz	/ptmp/iclight/pestis_data_fetchngs/fastq/SRX028745_SRR069181_2.fastq.gz	NA
1.ORI1a_CMCC114001	1.ORI1a_CMCC114001	53	4	PE	NA	double	none	/ptmp/iclight/pestis_data_fetchngs/fastq/SRX028708_SRR069144_1.fastq.gz	/ptmp/iclight/pestis_data_fetchngs/fastq/SRX028708_SRR069144_2.fastq.gz	NA
1.ORI1c_F1946001	1.ORI1c_F1946001	54	4	PE	NA	double	none	/ptmp/iclight/pestis_data_fetchngs/fastq/SRX028707_SRR069143_1.fastq.gz	/ptmp/iclight/pestis_data_fetchngs/fastq/SRX028707_SRR069143_2.fastq.gz	NA
1.ORI2a_YN2179	1.ORI2a_YN2179	55	4	PE	NA	double	none	/ptmp/iclight/pestis_data_fetchngs/fastq/SRX028774_SRR069210_1.fastq.gz	/ptmp/iclight/pestis_data_fetchngs/fastq/SRX028774_SRR069210_2.fastq.gz	NA
1.ORI2c_YN2551b	1.ORI2c_YN2551b	56	4	PE	NA	double	none	/ptmp/iclight/pestis_data_fetchngs/fastq/SRX028776_SRR069212_1.fastq.gz	/ptmp/iclight/pestis_data_fetchngs/fastq/SRX028776_SRR069212_2.fastq.gz	NA
1.ORI2d_YN2588	1.ORI2d_YN2588	57	4	PE	NA	double	none	/ptmp/iclight/pestis_data_fetchngs/fastq/SRX028777_SRR069213_1.fastq.gz	/ptmp/iclight/pestis_data_fetchngs/fastq/SRX028777_SRR069213_2.fastq.gz	NA
1.ORI2f_CMCC87001	1.ORI2f_CMCC87001	58	4	PE	NA	double	none	/ptmp/iclight/pestis_data_fetchngs/fastq/SRX028746_SRR069182_1.fastq.gz	/ptmp/iclight/pestis_data_fetchngs/fastq/SRX028746_SRR069182_2.fastq.gz	NA
1.ORI2g_F1984001	1.ORI2g_F1984001	59	4	PE	NA	double	none	/ptmp/iclight/pestis_data_fetchngs/fastq/SRX028739_SRR069175_1.fastq.gz	/ptmp/iclight/pestis_data_fetchngs/fastq/SRX028739_SRR069175_2.fastq.gz	NA
1.ORI2h_YN663	1.ORI2h_YN663	60	4	PE	NA	double	none	/ptmp/iclight/pestis_data_fetchngs/fastq/SRX028779_SRR069215_1.fastq.gz	/ptmp/iclight/pestis_data_fetchngs/fastq/SRX028779_SRR069215_2.fastq.gz	NA
1.ORI2i_CMCCK100001a	1.ORI2i_CMCCK100001a	61	4	PE	NA	double	none	/ptmp/iclight/pestis_data_fetchngs/fastq/SRX028757_SRR069193_1.fastq.gz	/ptmp/iclight/pestis_data_fetchngs/fastq/SRX028757_SRR069193_2.fastq.gz	NA
1.ORI2i_CMCCK110001b	1.ORI2i_CMCCK110001b	62	4	PE	NA	double	none	/ptmp/iclight/pestis_data_fetchngs/fastq/SRX028758_SRR069194_1.fastq.gz	/ptmp/iclight/pestis_data_fetchngs/fastq/SRX028758_SRR069194_2.fastq.gz	NA
1.ORI3a_EV76	1.ORI3a_EV76	63	4	PE	NA	double	none	/ptmp/iclight/pestis_data_fetchngs/fastq/SRX028761_SRR069197_1.fastq.gz	/ptmp/iclight/pestis_data_fetchngs/fastq/SRX028761_SRR069197_2.fastq.gz	NA
2.ANT1a_34008	2.ANT1a_34008	64	4	PE	NA	double	none	/ptmp/iclight/pestis_data_fetchngs/fastq/SRX028668_SRR069104_1.fastq.gz	/ptmp/iclight/pestis_data_fetchngs/fastq/SRX028668_SRR069104_2.fastq.gz	NA
2.ANT1b_34202	2.ANT1b_34202	65	4	PE	NA	double	none	/ptmp/iclight/pestis_data_fetchngs/fastq/SRX028669_SRR069105_1.fastq.gz	/ptmp/iclight/pestis_data_fetchngs/fastq/SRX028669_SRR069105_2.fastq.gz	NA
2.ANT2a_2	2.ANT2a_2	66	4	PE	NA	double	none	/ptmp/iclight/pestis_data_fetchngs/fastq/SRX028661_SRR069097_1.fastq.gz	/ptmp/iclight/pestis_data_fetchngs/fastq/SRX028661_SRR069097_2.fastq.gz	NA
2.ANT2b_351001	2.ANT2b_351001	67	4	PE	NA	double	none	/ptmp/iclight/pestis_data_fetchngs/fastq/SRX028670_SRR069106_1.fastq.gz	/ptmp/iclight/pestis_data_fetchngs/fastq/SRX028670_SRR069106_2.fastq.gz	NA
2.ANT2c_CMCC347001	2.ANT2c_CMCC347001	68	4	PE	NA	double	none	/ptmp/iclight/pestis_data_fetchngs/fastq/SRX028723_SRR069159_1.fastq.gz	/ptmp/iclight/pestis_data_fetchngs/fastq/SRX028723_SRR069159_2.fastq.gz	NA
2.ANT2d_G1996006	2.ANT2d_G1996006	69	4	PE	NA	double	none	/ptmp/iclight/pestis_data_fetchngs/fastq/SRX028672_SRR069108_1.fastq.gz	/ptmp/iclight/pestis_data_fetchngs/fastq/SRX028672_SRR069108_2.fastq.gz	NA
2.ANT2e_G1996010	2.ANT2e_G1996010	70	4	PE	NA	double	none	/ptmp/iclight/pestis_data_fetchngs/fastq/SRX028671_SRR069107_1.fastq.gz	/ptmp/iclight/pestis_data_fetchngs/fastq/SRX028671_SRR069107_2.fastq.gz	NA
2.ANT2f_CMCC348002	2.ANT2f_CMCC348002	71	4	PE	NA	double	none	/ptmp/iclight/pestis_data_fetchngs/fastq/SRX028724_SRR069160_1.fastq.gz	/ptmp/iclight/pestis_data_fetchngs/fastq/SRX028724_SRR069160_2.fastq.gz	NA
2.ANT3a_CMCC92010	2.ANT3a_CMCC92010	72	4	PE	NA	double	none	/ptmp/iclight/pestis_data_fetchngs/fastq/SRX028750_SRR069186_1.fastq.gz	/ptmp/iclight/pestis_data_fetchngs/fastq/SRX028750_SRR069186_2.fastq.gz	NA
2.ANT3b_CMCC95001	2.ANT3b_CMCC95001	73	4	PE	NA	double	none	/ptmp/iclight/pestis_data_fetchngs/fastq/SRX028752_SRR069188_1.fastq.gz	/ptmp/iclight/pestis_data_fetchngs/fastq/SRX028752_SRR069188_2.fastq.gz	NA
2.ANT3c_CMCC96001	2.ANT3c_CMCC96001	74	4	PE	NA	double	none	/ptmp/iclight/pestis_data_fetchngs/fastq/SRX028753_SRR069189_1.fastq.gz	/ptmp/iclight/pestis_data_fetchngs/fastq/SRX028753_SRR069189_2.fastq.gz	NA
2.ANT3d_CMCC96007	2.ANT3d_CMCC96007	75	4	PE	NA	double	none	/ptmp/iclight/pestis_data_fetchngs/fastq/SRX028754_SRR069190_1.fastq.gz	/ptmp/iclight/pestis_data_fetchngs/fastq/SRX028754_SRR069190_2.fastq.gz	NA
2.ANT3e_CMCC67001	2.ANT3e_CMCC67001	76	4	PE	NA	double	none	/ptmp/iclight/pestis_data_fetchngs/fastq/SRX028736_SRR069172_1.fastq.gz	/ptmp/iclight/pestis_data_fetchngs/fastq/SRX028736_SRR069172_2.fastq.gz	NA
2.ANT3f_CMCC104003	2.ANT3f_CMCC104003	77	4	PE	NA	double	none	/ptmp/iclight/pestis_data_fetchngs/fastq/SRX028703_SRR069139_1.fastq.gz	/ptmp/iclight/pestis_data_fetchngs/fastq/SRX028703_SRR069139_2.fastq.gz	NA
2.ANT3g_CMCC51020	2.ANT3g_CMCC51020	78	4	PE	NA	double	none	/ptmp/iclight/pestis_data_fetchngs/fastq/SRX028732_SRR069168_1.fastq.gz	/ptmp/iclight/pestis_data_fetchngs/fastq/SRX028732_SRR069168_2.fastq.gz	NA
2.ANT3h_CMCC106002	2.ANT3h_CMCC106002	79	4	PE	NA	double	none	/ptmp/iclight/pestis_data_fetchngs/fastq/SRX028704_SRR069140_1.fastq.gz	/ptmp/iclight/pestis_data_fetchngs/fastq/SRX028704_SRR069140_2.fastq.gz	NA
2.ANT3i_CMCC64001	2.ANT3i_CMCC64001	80	4	PE	NA	double	none	/ptmp/iclight/pestis_data_fetchngs/fastq/SRX028734_SRR069170_1.fastq.gz	/ptmp/iclight/pestis_data_fetchngs/fastq/SRX028734_SRR069170_2.fastq.gz	NA
2.ANT3j_H1959004	2.ANT3j_H1959004	81	4	PE	NA	double	none	/ptmp/iclight/pestis_data_fetchngs/fastq/SRX028679_SRR069115_1.fastq.gz	/ptmp/iclight/pestis_data_fetchngs/fastq/SRX028679_SRR069115_2.fastq.gz	NA
2.ANT3k_5761	2.ANT3k_5761	82	4	PE	NA	double	none	/ptmp/iclight/pestis_data_fetchngs/fastq/SRX028659_SRR069095_1.fastq.gz	/ptmp/iclight/pestis_data_fetchngs/fastq/SRX028659_SRR069095_2.fastq.gz	NA
2.ANT3l_735	2.ANT3l_735	83	4	PE	NA	double	none	/ptmp/iclight/pestis_data_fetchngs/fastq/SRX028667_SRR069103_1.fastq.gz	/ptmp/iclight/pestis_data_fetchngs/fastq/SRX028667_SRR069103_2.fastq.gz	NA
2.MED1b_2506	2.MED1b_2506	84	4	PE	NA	double	none	/ptmp/iclight/pestis_data_fetchngs/fastq/SRX028664_SRR069100_1.fastq.gz	/ptmp/iclight/pestis_data_fetchngs/fastq/SRX028664_SRR069100_2.fastq.gz	NA
2.MED1c_2654	2.MED1c_2654	85	4	PE	NA	double	none	/ptmp/iclight/pestis_data_fetchngs/fastq/SRX028665_SRR069101_1.fastq.gz	/ptmp/iclight/pestis_data_fetchngs/fastq/SRX028665_SRR069101_2.fastq.gz	NA
2.MED1d_2504	2.MED1d_2504	86	4	PE	NA	double	none	/ptmp/iclight/pestis_data_fetchngs/fastq/SRX028663_SRR069099_1.fastq.gz	/ptmp/iclight/pestis_data_fetchngs/fastq/SRX028663_SRR069099_2.fastq.gz	NA
2.MED2b_91	2.MED2b_91	87	4	PE	NA	double	none	/ptmp/iclight/pestis_data_fetchngs/fastq/SRX028694_SRR069130_1.fastq.gz	/ptmp/iclight/pestis_data_fetchngs/fastq/SRX028694_SRR069130_2.fastq.gz	NA
2.MED2c_K11973002	2.MED2c_K11973002	88	4	PE	NA	double	none	/ptmp/iclight/pestis_data_fetchngs/fastq/SRX028730_SRR069166_1.fastq.gz	/ptmp/iclight/pestis_data_fetchngs/fastq/SRX028730_SRR069166_2.fastq.gz	NA
2.MED2d_A1973001	2.MED2d_A1973001	89	4	PE	NA	double	none	/ptmp/iclight/pestis_data_fetchngs/fastq/SRX028673_SRR069109_1.fastq.gz	/ptmp/iclight/pestis_data_fetchngs/fastq/SRX028673_SRR069109_2.fastq.gz	NA
2.MED2e_7338	2.MED2e_7338	90	4	PE	NA	double	none	/ptmp/iclight/pestis_data_fetchngs/fastq/SRX028686_SRR069122_1.fastq.gz	/ptmp/iclight/pestis_data_fetchngs/fastq/SRX028686_SRR069122_2.fastq.gz	NA
2.MED3a_J1963002	2.MED3a_J1963002	91	4	PE	NA	double	none	/ptmp/iclight/pestis_data_fetchngs/fastq/SRX028738_SRR069174_1.fastq.gz	/ptmp/iclight/pestis_data_fetchngs/fastq/SRX028738_SRR069174_2.fastq.gz	NA
2.MED3b_CMCC125002b	2.MED3b_CMCC125002b	92	4	PE	NA	double	none	/ptmp/iclight/pestis_data_fetchngs/fastq/SRX028715_SRR069151_1.fastq.gz	/ptmp/iclight/pestis_data_fetchngs/fastq/SRX028715_SRR069151_2.fastq.gz	NA
2.MED3c_I1969003	2.MED3c_I1969003	93	4	PE	NA	double	none	/ptmp/iclight/pestis_data_fetchngs/fastq/SRX028716_SRR069152_1.fastq.gz	/ptmp/iclight/pestis_data_fetchngs/fastq/SRX028716_SRR069152_2.fastq.gz	NA
2.MED3d_J1978002	2.MED3d_J1978002	94	4	PE	NA	double	none	/ptmp/iclight/pestis_data_fetchngs/fastq/SRX028713_SRR069149_1.fastq.gz	/ptmp/iclight/pestis_data_fetchngs/fastq/SRX028713_SRR069149_2.fastq.gz	NA
2.MED3f_I1970005	2.MED3f_I1970005	95	4	PE	NA	double	none	/ptmp/iclight/pestis_data_fetchngs/fastq/SRX028755_SRR069191_1.fastq.gz	/ptmp/iclight/pestis_data_fetchngs/fastq/SRX028755_SRR069191_2.fastq.gz	NA
2.MED3g_CMCC99103	2.MED3g_CMCC99103	96	4	PE	NA	double	none	/ptmp/iclight/pestis_data_fetchngs/fastq/SRX028756_SRR069192_1.fastq.gz	/ptmp/iclight/pestis_data_fetchngs/fastq/SRX028756_SRR069192_2.fastq.gz	NA
2.MED3h_CMCC90027	2.MED3h_CMCC90027	97	4	PE	NA	double	none	/ptmp/iclight/pestis_data_fetchngs/fastq/SRX028747_SRR069183_1.fastq.gz	/ptmp/iclight/pestis_data_fetchngs/fastq/SRX028747_SRR069183_2.fastq.gz	NA
2.MED3i_CMCC92004	2.MED3i_CMCC92004	98	4	PE	NA	double	none	/ptmp/iclight/pestis_data_fetchngs/fastq/SRX028749_SRR069185_1.fastq.gz	/ptmp/iclight/pestis_data_fetchngs/fastq/SRX028749_SRR069185_2.fastq.gz	NA
2.MED3j_I2001001	2.MED3j_I2001001	99	4	PE	NA	double	none	/ptmp/iclight/pestis_data_fetchngs/fastq/SRX028718_SRR069154_1.fastq.gz	/ptmp/iclight/pestis_data_fetchngs/fastq/SRX028718_SRR069154_2.fastq.gz	NA
2.MED3k_CMCC12003	2.MED3k_CMCC12003	100	4	PE	NA	double	none	/ptmp/iclight/pestis_data_fetchngs/fastq/SRX028709_SRR069145_1.fastq.gz	/ptmp/iclight/pestis_data_fetchngs/fastq/SRX028709_SRR069145_2.fastq.gz	NA
2.MED3l_I1994006	2.MED3l_I1994006	101	4	PE	NA	double	none	/ptmp/iclight/pestis_data_fetchngs/fastq/SRX028710_SRR069146_1.fastq.gz	/ptmp/iclight/pestis_data_fetchngs/fastq/SRX028710_SRR069146_2.fastq.gz	NA
2.MED3m_SHAN11	2.MED3m_SHAN11	102	4	PE	NA	double	none	/ptmp/iclight/pestis_data_fetchngs/fastq/SRX028770_SRR069206_1.fastq.gz	/ptmp/iclight/pestis_data_fetchngs/fastq/SRX028770_SRR069206_2.fastq.gz	NA
2.MED3n_SHAN12	2.MED3n_SHAN12	103	4	PE	NA	double	none	/ptmp/iclight/pestis_data_fetchngs/fastq/SRX028771_SRR069207_1.fastq.gz	/ptmp/iclight/pestis_data_fetchngs/fastq/SRX028771_SRR069207_2.fastq.gz	NA
2.MED3o_I1991001	2.MED3o_I1991001	104	4	PE	NA	double	none	/ptmp/iclight/pestis_data_fetchngs/fastq/SRX028657_SRR069093_1.fastq.gz	/ptmp/iclight/pestis_data_fetchngs/fastq/SRX028657_SRR069093_2.fastq.gz	NA
2.MED3p_CMCC107004	2.MED3p_CMCC107004	105	4	PE	NA	double	none	/ptmp/iclight/pestis_data_fetchngs/fastq/SRX028705_SRR069141_1.fastq.gz	/ptmp/iclight/pestis_data_fetchngs/fastq/SRX028705_SRR069141_2.fastq.gz	NA
3.ANT1a_7b	3.ANT1a_7b	106	4	PE	NA	double	none	/ptmp/iclight/pestis_data_fetchngs/fastq/SRX028689_SRR069125_1.fastq.gz	/ptmp/iclight/pestis_data_fetchngs/fastq/SRX028689_SRR069125_2.fastq.gz	NA
3.ANT1b_CMCC71001	3.ANT1b_CMCC71001	107	4	PE	NA	double	none	/ptmp/iclight/pestis_data_fetchngs/fastq/SRX028737_SRR069173_1.fastq.gz	/ptmp/iclight/pestis_data_fetchngs/fastq/SRX028737_SRR069173_2.fastq.gz	NA
3.ANT1c_C1976001	3.ANT1c_C1976001	108	4	PE	NA	double	none	/ptmp/iclight/pestis_data_fetchngs/fastq/SRX028683_SRR069119_1.fastq.gz	/ptmp/iclight/pestis_data_fetchngs/fastq/SRX028683_SRR069119_2.fastq.gz	NA
3.ANT1d_71021	3.ANT1d_71021	109	4	PE	NA	double	none	/ptmp/iclight/pestis_data_fetchngs/fastq/SRX028684_SRR069120_1.fastq.gz	/ptmp/iclight/pestis_data_fetchngs/fastq/SRX028684_SRR069120_2.fastq.gz	NA
3.ANT2a_MGJZ6	3.ANT2a_MGJZ6	110	4	PE	NA	double	none	/ptmp/iclight/pestis_data_fetchngs/fastq/SRX028767_SRR069203_1.fastq.gz	/ptmp/iclight/pestis_data_fetchngs/fastq/SRX028767_SRR069203_2.fastq.gz	NA
3.ANT2b_MGJZ7	3.ANT2b_MGJZ7	111	4	PE	NA	double	none	/ptmp/iclight/pestis_data_fetchngs/fastq/SRX028768_SRR069204_1.fastq.gz	/ptmp/iclight/pestis_data_fetchngs/fastq/SRX028768_SRR069204_2.fastq.gz	NA
3.ANT2c_MGJZ9	3.ANT2c_MGJZ9	112	4	PE	NA	double	none	/ptmp/iclight/pestis_data_fetchngs/fastq/SRX028769_SRR069205_1.fastq.gz	/ptmp/iclight/pestis_data_fetchngs/fastq/SRX028769_SRR069205_2.fastq.gz	NA
3.ANT2d_MGJZ11	3.ANT2d_MGJZ11	113	4	PE	NA	double	none	/ptmp/iclight/pestis_data_fetchngs/fastq/SRX028764_SRR069200_1.fastq.gz	/ptmp/iclight/pestis_data_fetchngs/fastq/SRX028764_SRR069200_2.fastq.gz	NA
3.ANT2e_MGJZ3	3.ANT2e_MGJZ3	114	4	PE	NA	double	none	/ptmp/iclight/pestis_data_fetchngs/fastq/SRX028766_SRR069202_1.fastq.gz	/ptmp/iclight/pestis_data_fetchngs/fastq/SRX028766_SRR069202_2.fastq.gz	NA
4.ANT1a_MGJZ12	4.ANT1a_MGJZ12	115	4	PE	NA	double	none	/ptmp/iclight/pestis_data_fetchngs/fastq/SRX028765_SRR069201_1.fastq.gz	/ptmp/iclight/pestis_data_fetchngs/fastq/SRX028765_SRR069201_2.fastq.gz	NA
0.PE4_A.1804	0.PE4_A.1804	116	4	SE	NA	double	none	/ptmp/iclight/pestis_data_fetchngs/fastq/SRX1115719_SRR2124154.fastq.gz	NA	NA
0.PE4_5307.Gis	0.PE4_5307.Gis	117	4	SE	NA	double	none	/ptmp/iclight/pestis_data_fetchngs/fastq/SRX1089900_SRR2094296.fastq.gz	NA	NA
0.PE2_C.359	0.PE2_C.359	118	4	SE	NA	double	none	/ptmp/iclight/pestis_data_fetchngs/fastq/SRX1115725_SRR2124169.fastq.gz	NA	NA
0.PE2_C.590	0.PE2_C.590	119	4	SE	NA	double	none	/ptmp/iclight/pestis_data_fetchngs/fastq/SRX1089898_SRR2094294.fastq.gz	NA	NA
0.PE2_C.666	0.PE2_C.666	120	4	SE	NA	double	none	/ptmp/iclight/pestis_data_fetchngs/fastq/SRX1115756_SRR2124207.fastq.gz	NA	NA
0.PE4_I.3134	0.PE4_I.3134	121	4	SE	NA	double	none	/ptmp/iclight/pestis_data_fetchngs/fastq/SRX1089899_SRR2094295.fastq.gz	NA	NA
0.PE2_C.291	0.PE2_C.291	122	4	SE	NA	double	none	/ptmp/iclight/pestis_data_fetchngs/fastq/SRX1115736_SRR2124185.fastq.gz	NA	NA
0.PE5_I.3189	0.PE5_I.3189	123	4	SE	NA	double	none	/ptmp/iclight/pestis_data_fetchngs/fastq/SRX1089578_SRR2093957.fastq.gz	NA	NA
0.PE2_C.267	0.PE2_C.267	124	4	SE	NA	double	none	/ptmp/iclight/pestis_data_fetchngs/fastq/SRX1115723_SRR2124165.fastq.gz	NA	NA
0.PE2_C.537	0.PE2_C.537	125	4	SE	NA	double	none	/ptmp/iclight/pestis_data_fetchngs/fastq/SRX1089891_SRR2094286.fastq.gz	NA	NA
0.PE4_A.1807	0.PE4_A.1807	126	4	SE	NA	double	none	/ptmp/iclight/pestis_data_fetchngs/fastq/SRX1089902_SRR2094300.fastq.gz	NA	NA
0.PE2_C.197	0.PE2_C.197	127	4	SE	NA	double	none	/ptmp/iclight/pestis_data_fetchngs/fastq/SRX1115720_SRR2124156.fastq.gz	NA	NA
0.PE4_A.513	0.PE4_A.513	128	4	SE	NA	double	none	/ptmp/iclight/pestis_data_fetchngs/fastq/SRX1115724_SRR2124168.fastq.gz	NA	NA
0.PE2_C.290	0.PE2_C.290	129	4	SE	NA	double	none	/ptmp/iclight/pestis_data_fetchngs/fastq/SRX1089904_SRR2094306.fastq.gz	NA	NA
0.PE5_I.2422a	0.PE5_I.2422a	130	4	SE	NA	double	none	/ptmp/iclight/pestis_data_fetchngs/fastq/SRX1115757_SRR2124208.fastq.gz	NA	NA
0.PE2_C.346	0.PE2_C.346	131	4	SE	NA	double	none	/ptmp/iclight/pestis_data_fetchngs/fastq/SRX1115737_SRR2124186.fastq.gz	NA	NA
0.PE5_I.2239	0.PE5_I.2239	132	4	SE	NA	double	none	/ptmp/iclight/pestis_data_fetchngs/fastq/SRX1284335_SRR2511857.fastq.gz	NA	NA
0.PE2_C.235	0.PE2_C.235	133	4	SE	NA	double	none	/ptmp/iclight/pestis_data_fetchngs/fastq/SRX1115722_SRR2124162.fastq.gz	NA	NA
0.PE4_I.3455	0.PE4_I.3455	134	4	SE	NA	double	none	/ptmp/iclight/pestis_data_fetchngs/fastq/SRX1089906_SRR2094311.fastq.gz	NA	NA
YAC	YAC	1	4	PE	NA	double	none	/ptmp/iclight/pestis_data_fetchngs/fastq/SRX1135284_SRR2147693_1.fastq.gz	/ptmp/iclight/pestis_data_fetchngs/fastq/SRX1135284_SRR2147693_2.fastq.gz	NA
0.PE2_C.235	0.PE2_C.235	134	4	SE	NA	double	none	/ptmp/iclight/pestis_data_fetchngs/fastq/SRX1115722_SRR2124163.fastq.gz	NA	NA
0.PE2_C.197	0.PE2_C.197	128	4	SE	NA	double	none	/ptmp/iclight/pestis_data_fetchngs/fastq/SRX1115720_SRR2124157.fastq.gz	NA	NA
0.PE2_C.537	0.PE2_C.537	126	4	SE	NA	double	none	/ptmp/iclight/pestis_data_fetchngs/fastq/SRX1089891_SRR2094287.fastq.gz	NA	NA
0.PE2_C.267	0.PE2_C.267	125	4	SE	NA	double	none	/ptmp/iclight/pestis_data_fetchngs/fastq/SRX1115723_SRR2124167.fastq.gz	NA	NA
0.PE4_A.1804	0.PE4_A.1804	117	4	SE	NA	double	none	/ptmp/iclight/pestis_data_fetchngs/fastq/SRX1115719_SRR2124155.fastq.gz	NA	NA
Ypseudo_FDA_ARGOS_665	Ypseudo_FDA_ARGOS_665	1	4	PE	NA	double	none	/ptmp/iclight/pestis_data_fetchngs_pseudotb/fastq/SRX5764141_SRR8984879_1.fastq.gz	/ptmp/iclight/pestis_data_fetchngs_pseudotb/fastq/SRX5764141_SRR8984879_2.fastq.gz	NA
